{"$schema":"http://schema.management.azure.com/schemas/2015-01-01/deploymentTemplate.json#","contentVersion":"1.0.0.0","parameters":{"DWH24":{"type":"string"},"LAKE24":{"type":"string"},"MicrosoftOutlook MA16303":{"type":"string"}},"variables":{},"resources":[{"name":"Copy_Patient_to_Staging_Metadata","type":"pipelines","apiVersion":"2018-06-01","properties":{"activities":[{"name":"Gatekeeper_Schema_Validation","description":"@equals(activity('Lookup_Metadata_Check').output.firstRow.StatusFlag, 'Green')\n","type":"IfCondition","dependsOn":[{"activity":"Lookup_Metadata_Check","dependencyConditions":["Succeeded"]}],"typeProperties":{"expression":{"value":"@equals(activity('Lookup_Metadata_Check').output.firstRow.StatusFlag, 'Green')","type":"Expression"},"ifFalseActivities":[{"name":"Log_Metadata_Drift","description":"Log_Metadata_Drift","type":"Script","dependsOn":[],"policy":{"timeout":"0.12:00:00","retry":0,"retryIntervalInSeconds":30,"secureOutput":false,"secureInput":false},"linkedService":{"name":"DWH24","properties":{"annotations":[],"type":"DataWarehouse","typeProperties":{"endpoint":"bemch3ef43xe5do4v63uiehlrm-areww7wyf7kebcikkhtgdkxzla.datawarehouse.fabric.microsoft.com","artifactId":"[parameters('DWH24')]","workspaceId":"7e6b4904-2fd8-40d4-890a-51e661aaf958"}}},"typeProperties":{"scripts":[{"type":"Query","text":{"value":"/* AGENTIC ERROR CAPTURE */\nINSERT INTO dbo.pipeline_log (\n    PipelineName, \n    Status, \n    Message, \n    RunTime, \n    RowsLoaded, \n    DurationSeconds, \n    SourceRows\n)\nVALUES (\n    'Copy_Patient_to_Staging', \n    'METADATA_ERROR', \n    '@{activity('Lookup_Metadata_Check').output.firstRow.DriftDetails}', \n    GETDATE(), \n    0, 0, 0\n);","type":"Expression"}}],"scriptBlockExecutionTimeout":"02:00:00"}},{"name":"Stop_Pipeline_Metadata_Error","description":"Stop_Pipeline_Metadata_Error.\n","type":"Fail","dependsOn":[{"activity":"Log_Metadata_Drift","dependencyConditions":["Succeeded"]}],"typeProperties":{"message":{"value":"@activity('Lookup_Metadata_Check').output.firstRow.DriftDetails\n","type":"Expression"},"errorCode":"500"}}],"ifTrueActivities":[{"name":"Copy_Patient_to_Staging","description":"Copy_Patient_to_Staging","type":"Copy","dependsOn":[],"policy":{"timeout":"0.12:00:00","retry":0,"retryIntervalInSeconds":30,"secureOutput":false,"secureInput":false},"typeProperties":{"source":{"type":"LakehouseTableSource","datasetSettings":{"annotations":[],"linkedService":{"name":"LAKE24","properties":{"annotations":[],"type":"Lakehouse","typeProperties":{"workspaceId":"7e6b4904-2fd8-40d4-890a-51e661aaf958","artifactId":"[parameters('LAKE24')]","rootFolder":"Tables"}}},"type":"LakehouseTable","schema":[],"typeProperties":{"schema":"dbo_Lake24","table":"patient"}}},"sink":{"type":"DataWarehouseSink","allowCopyCommand":true,"copyCommandSettings":{},"datasetSettings":{"annotations":[],"linkedService":{"name":"DWH24","properties":{"annotations":[],"type":"DataWarehouse","typeProperties":{"endpoint":"bemch3ef43xe5do4v63uiehlrm-areww7wyf7kebcikkhtgdkxzla.datawarehouse.fabric.microsoft.com","artifactId":"[parameters('DWH24')]","workspaceId":"7e6b4904-2fd8-40d4-890a-51e661aaf958"}}},"type":"DataWarehouseTable","schema":[],"typeProperties":{"schema":"dbo","table":"patient_staging"}}},"enableStaging":true,"translator":{"type":"TabularTranslator","mappings":[{"source":{"name":"Patient_ID","type":"String","physicalType":"string"},"sink":{"name":"Patient_ID","physicalType":"varchar","length":"50"}},{"source":{"name":"NHS_Number","type":"String","physicalType":"string"},"sink":{"name":"NHS_Number","physicalType":"varchar","length":"50"}},{"source":{"name":"First_Name","type":"String","physicalType":"string"},"sink":{"name":"First_Name","physicalType":"varchar","length":"100"}},{"source":{"name":"Last_Name","type":"String","physicalType":"string"},"sink":{"name":"Last_Name","physicalType":"varchar","length":"100"}},{"source":{"name":"Date_Of_Birth","type":"String","physicalType":"string"},"sink":{"name":"Date_Of_Birth","physicalType":"varchar","length":"50"}},{"source":{"name":"Gender_Code","type":"String","physicalType":"string"},"sink":{"name":"Gender_Code","physicalType":"varchar","length":"10"}},{"source":{"name":"Email_Address","type":"String","physicalType":"string"},"sink":{"name":"Email_Address","physicalType":"varchar","length":"255"}},{"source":{"name":"Phone_Number","type":"String","physicalType":"string"},"sink":{"name":"Phone_Number","physicalType":"varchar","length":"50"}},{"source":{"name":"Address_Line1","type":"String","physicalType":"string"},"sink":{"name":"Address","physicalType":"varchar","length":"255"}},{"source":{"name":"City","type":"String","physicalType":"string"},"sink":{"name":"City","physicalType":"varchar","length":"100"}},{"source":{"name":"Postcode","type":"String","physicalType":"string"},"sink":{"name":"Postcode","physicalType":"varchar","length":"20"}},{"source":{"name":"Registration_Date","type":"String","physicalType":"string"},"sink":{"name":"Registration_Date","physicalType":"varchar","length":"50"}},{"source":{"name":"Is_Active","type":"String","physicalType":"string"},"sink":{"name":"Is_Active","physicalType":"varchar","length":"10"}},{"source":{"name":"Source_System","type":"String","physicalType":"string"},"sink":{"name":"Source_System","physicalType":"varchar","length":"50"}},{"source":{"name":"Created_DTS","type":"String","physicalType":"string"},"sink":{"name":"Created_DTS","physicalType":"varchar","length":"50"}}],"typeConversion":true,"typeConversionSettings":{"allowDataTruncation":true,"treatBooleanAsNumber":false}}}},{"name":"varSourceRows","description":"varSourceRows","type":"SetVariable","dependsOn":[{"activity":"Copy_Patient_to_Staging","dependencyConditions":["Succeeded"]}],"policy":{"secureOutput":false,"secureInput":false},"typeProperties":{"variableName":"varSourceRows","value":{"value":"@activity('Copy_Patient_to_Staging').output.rowsRead\n","type":"Expression"}}},{"name":"varRowsLoaded","description":"varRowsLoaded","type":"SetVariable","dependsOn":[{"activity":"varSourceRows","dependencyConditions":["Succeeded"]}],"policy":{"secureOutput":false,"secureInput":false},"typeProperties":{"variableName":"varRowsLoaded","value":"@activity('Copy_Patient_to_Staging').output.rowsCopied"}},{"name":"varDuration","description":"varDuration","type":"SetVariable","dependsOn":[{"activity":"DQ_Validation","dependencyConditions":["Succeeded"]}],"policy":{"secureOutput":false,"secureInput":false},"typeProperties":{"variableName":"varDuration","value":{"value":"executionDetails: [\n  {\n    source,\n    sink,\n    status,\n    start,\n    duration,\n    usedDataIntegrationUnits,\n    usedParallelCopies,\n    profile,\n    detailedDurations\n  }\n]\n","type":"Expression"}}},{"name":"Post_Copy_Processing","description":"Post_Copy_Processing","type":"Script","dependsOn":[{"activity":"varDuration","dependencyConditions":["Succeeded"]}],"policy":{"timeout":"0.12:00:00","retry":0,"retryIntervalInSeconds":30,"secureOutput":false,"secureInput":false},"linkedService":{"name":"DWH24","properties":{"annotations":[],"type":"DataWarehouse","typeProperties":{"endpoint":"bemch3ef43xe5do4v63uiehlrm-areww7wyf7kebcikkhtgdkxzla.datawarehouse.fabric.microsoft.com","artifactId":"[parameters('DWH24')]","workspaceId":"7e6b4904-2fd8-40d4-890a-51e661aaf958"}}},"typeProperties":{"scripts":[{"type":"Query","text":{"value":"/* FINAL CLEAN SUCCESS LOGGING */\nINSERT INTO dbo.pipeline_log (\n    PipelineName, \n    Status, \n    Message, \n    RunTime, \n    RowsLoaded, \n    DurationSeconds, \n    SourceRows\n)\nVALUES (\n    'Copy_Patient_to_Staging', \n    'SUCCESS', \n    'Metadata Verified. Audit columns aligned to DAMA standards.', \n    GETDATE(), \n    TRY_CAST(NULLIF('@{variables('varRowsLoaded')}', '') AS INT), \n    TRY_CAST(NULLIF('@{variables('varDuration')}', '') AS INT), \n    TRY_CAST(NULLIF('@{variables('varSourceRows')}', '') AS INT)\n);","type":"Expression"}}],"scriptBlockExecutionTimeout":"02:00:00"}},{"name":"DQ_Validation","description":"DQ_Validation","type":"Script","dependsOn":[{"activity":"varRowsLoaded","dependencyConditions":["Succeeded"]}],"policy":{"timeout":"0.12:00:00","retry":0,"retryIntervalInSeconds":30,"secureOutput":false,"secureInput":false},"linkedService":{"name":"DWH24","properties":{"annotations":[],"type":"DataWarehouse","typeProperties":{"endpoint":"bemch3ef43xe5do4v63uiehlrm-areww7wyf7kebcikkhtgdkxzla.datawarehouse.fabric.microsoft.com","artifactId":"[parameters('DWH24')]","workspaceId":"7e6b4904-2fd8-40d4-890a-51e661aaf958"}}},"typeProperties":{"scripts":[{"type":"Query","text":{"value":"SELECT\n    COUNT(*) AS TotalRows,\n    -- 1. Identity: Must have a Patient_ID\n    SUM(CASE WHEN [Patient_ID] IS NULL THEN 1 ELSE 0 END) AS Missing_ID,\n    -- 2. Timeline: Must have a Registration_Date\n    SUM(CASE WHEN [Registration_Date] IS NULL THEN 1 ELSE 0 END) AS Missing_RegDate,\n    -- 3. Audit: Ensure our @utcnow() mapping worked\n    SUM(CASE WHEN [Last_Updated] IS NULL THEN 1 ELSE 0 END) AS Missing_AuditTime\nFROM [DWH24].[dbo].[patient_staging];","type":"Expression"}}],"scriptBlockExecutionTimeout":"02:00:00"}},{"name":"Notify_Success_Summary","description":"Notify_Success_Summary","type":"Office365Email","dependsOn":[{"activity":"Set_varRunId","dependencyConditions":["Succeeded"]}],"policy":{"timeout":"0.00:10:00","retry":0,"retryIntervalInSeconds":31,"secureOutput":false,"secureInput":false},"typeProperties":{"to":"lorenzosnider13164@suffermail.com","subject":"Patient Data Merge Summary","body":"<p>Patient merge completed successfully.</p>\n<p>Rows processed: @{variables('varProcessedPatients')}</p>\n<p>Pipeline: @{pipeline().Pipeline}</p>\n<p>Run ID: @{pipeline().RunId}</p>\n<p>Execution Time (UTC): @{formatDateTime(utcNow(), 'yyyy-MM-dd HH:mm:ss')}</p>\n"},"externalReferences":{"connection":"[parameters('MicrosoftOutlook MA16303')]"}},{"name":"varProcessedPatients","description":"varProcessedPatients","type":"SetVariable","dependsOn":[{"activity":"Merge_Patient_Production","dependencyConditions":["Succeeded"]}],"policy":{"secureOutput":false,"secureInput":false},"typeProperties":{"variableName":"varProcessedPatients","value":"@string(activity('Merge_Patient_Production').output.recordsAffected)\n"}},{"name":"Set_varProcessedPatients","description":"Set_varProcessedPatients","type":"SetVariable","dependsOn":[{"activity":"varProcessedPatients","dependencyConditions":["Succeeded"]}],"policy":{"secureOutput":false,"secureInput":false},"typeProperties":{"variableName":"varProcessedPatients","value":"@string(activity('Merge_Patient_Production').output.resultSets[0].rows[0].ProcessedPatients)\n"}},{"name":"Set_varPipelineName","description":"Set_varPipelineName","type":"SetVariable","dependsOn":[{"activity":"Set_varProcessedPatients","dependencyConditions":["Succeeded"]}],"policy":{"secureOutput":false,"secureInput":false},"typeProperties":{"variableName":"varPipelineName","value":"@pipeline().Pipeline"}},{"name":"Set_varRunId","description":"Set_varRunId","type":"SetVariable","dependsOn":[{"activity":"Set_varPipelineName","dependencyConditions":["Succeeded"]}],"policy":{"secureOutput":false,"secureInput":false},"typeProperties":{"variableName":"varRunId","value":"@pipeline().RunId\n"}},{"name":"Merge_Patient_Production","description":"Merge_Patient_Production","type":"Script","dependsOn":[{"activity":"Post_Copy_Processing","dependencyConditions":["Succeeded"]}],"policy":{"timeout":"0.12:00:00","retry":0,"retryIntervalInSeconds":30,"secureOutput":false,"secureInput":false},"linkedService":{"name":"DWH24","properties":{"annotations":[],"type":"DataWarehouse","typeProperties":{"endpoint":"bemch3ef43xe5do4v63uiehlrm-areww7wyf7kebcikkhtgdkxzla.datawarehouse.fabric.microsoft.com","artifactId":"[parameters('DWH24')]","workspaceId":"7e6b4904-2fd8-40d4-890a-51e661aaf958"}}},"typeProperties":{"scripts":[{"type":"Query","text":{"value":"/* STRATEGY: FIX AND CONTINUE (Self-Healing)\r\n   GOAL: Deduplicate 5M rows in-memory and merge the \"Golden Record\".\r\n*/\r\nDECLARE @StartTime DATETIME2(6) = SYSUTCDATETIME();\r\nDECLARE @ProcessedCount INT;\r\nDECLARE @HasDuplicates BIT = 0;\r\n\r\nBEGIN TRY\r\n    -- 1. Check for duplicates (for logging purposes only, does not stop the run)\r\n    IF EXISTS (\r\n        SELECT [Patient_ID] FROM [DWH24].[dbo].[patient_staging]\r\n        GROUP BY [Patient_ID] HAVING COUNT(*) > 1\r\n    ) SET @HasDuplicates = 1;\r\n\r\n    -- 2. Define the \"Golden Record\" via CTE\r\n    ;WITH DeduplicatedSource AS (\r\n        SELECT *,\r\n            ROW_NUMBER() OVER (\r\n                PARTITION BY [Patient_ID] \r\n                ORDER BY [Registration_Date] DESC, [Created_DTS] DESC\r\n            ) AS RowNo\r\n        FROM [DWH24].[dbo].[patient_staging]\r\n    )\r\n    -- 3. Perform the Merge using only the latest version of each patient\r\n    MERGE [DWH24].[dbo].[patient_production] AS Target\r\n    USING (SELECT * FROM DeduplicatedSource WHERE RowNo = 1) AS Source\r\n    ON Target.[Patient_ID] = Source.[Patient_ID]\r\n    \r\n    WHEN MATCHED THEN\r\n        UPDATE SET \r\n            Target.[NHS_Number] = Source.[NHS_Number],\r\n            Target.[First_Name] = Source.[First_Name],\r\n            Target.[Last_Name] = Source.[Last_Name],\r\n            Target.[Address] = Source.[Address],\r\n            Target.[Registration_Date] = Source.[Registration_Date],\r\n            Target.[DW_Last_Updated] = @StartTime\r\n            \r\n    WHEN NOT MATCHED BY TARGET THEN\r\n        INSERT (\r\n            [Patient_ID], [NHS_Number], [First_Name], [Last_Name], \r\n            [Address], [Registration_Date], [DW_Last_Updated]\r\n        )\r\n        VALUES (\r\n            Source.[Patient_ID], Source.[NHS_Number], Source.[First_Name], Source.[Last_Name], \r\n            Source.[Address], Source.[Registration_Date], @StartTime\r\n        );\r\n\r\n    -- 4. Capture Metrics\r\n    SELECT @ProcessedCount = COUNT(*)\r\n    FROM [DWH24].[dbo].[patient_production]\r\n    WHERE [DW_Last_Updated] = @StartTime;\r\n\r\n    -- 5. Audit Logging with intelligence\r\n    INSERT INTO [DWH24].[dbo].[patient_merge_audit] (Merge_Run_Time, Processed_Rows, Notes)\r\n    VALUES (\r\n        @StartTime, \r\n        @ProcessedCount, \r\n        CASE WHEN @HasDuplicates = 1 \r\n             THEN 'Success: Merge completed (Duplicates were detected and auto-resolved).' \r\n             ELSE 'Success: Merge completed (Clean source data).' \r\n        END\r\n    );\r\n\r\n    -- 6. Cleanup Staging\r\n    IF @ProcessedCount > 0\r\n        TRUNCATE TABLE [DWH24].[dbo].[patient_staging];\r\n\r\n    -- 7. Return to Fabric Pipeline\r\n    SELECT @ProcessedCount AS ProcessedPatients;\r\n\r\nEND TRY\r\nBEGIN CATCH\r\n    INSERT INTO [DWH24].[dbo].[patient_merge_audit] (Merge_Run_Time, Processed_Rows, Notes)\r\n    VALUES (@StartTime, 0, 'CRITICAL FAILURE: ' + LEFT(ERROR_MESSAGE(), 7000));\r\n    THROW;\r\nEND CATCH;","type":"Expression"}}],"scriptBlockExecutionTimeout":"02:00:00"}}]}},{"name":"Lookup_Metadata_Check","description":"Lookup_Metadata_Check","type":"Lookup","dependsOn":[],"policy":{"timeout":"0.12:00:00","retry":0,"retryIntervalInSeconds":30,"secureOutput":false,"secureInput":false},"typeProperties":{"source":{"type":"DataWarehouseSource","sqlReaderQuery":"/* AGENTIC METADATA GUARDIAN */\nDECLARE @DriftMessage NVARCHAR(MAX);\n\n-- Compare the View (Contract) against the Actual Table Schema\nSELECT @DriftMessage = (\n    SELECT STRING_AGG(CAST(COLUMN_NAME + ' (' + DATA_TYPE + ')' AS NVARCHAR(MAX)), ', ')\n    FROM (\n        SELECT COLUMN_NAME, DATA_TYPE FROM dbo.v_Table_Contract\n        EXCEPT\n        SELECT COLUMN_NAME, DATA_TYPE FROM INFORMATION_SCHEMA.COLUMNS \n        WHERE TABLE_NAME = 'patient_staging' \n        AND TABLE_SCHEMA = 'dbo'\n    ) AS MissingColumns\n);\n\n-- Output the signal for the If Condition\nIF @DriftMessage IS NOT NULL\nBEGIN\n    SELECT \n        'Red' AS StatusFlag, \n        'METADATA_DRIFT: Missing or mismatched columns: ' + @DriftMessage AS DriftDetails;\nEND\nELSE\nBEGIN\n    SELECT \n        'Green' AS StatusFlag, \n        'Metadata is in sync.' AS DriftDetails;\nEND","queryTimeout":"02:00:00","partitionOption":"None"},"datasetSettings":{"annotations":[],"linkedService":{"name":"DWH24","properties":{"annotations":[],"type":"DataWarehouse","typeProperties":{"endpoint":"bemch3ef43xe5do4v63uiehlrm-areww7wyf7kebcikkhtgdkxzla.datawarehouse.fabric.microsoft.com","artifactId":"[parameters('DWH24')]","workspaceId":"7e6b4904-2fd8-40d4-890a-51e661aaf958"}}},"type":"DataWarehouseTable","schema":[],"typeProperties":{}}}}],"parameters":{"pPipelineName":{"type":"string","defaultValue":"Copy_Patient_to_Staging"},"pValidationRules":{"type":"string","defaultValue":{"CheckNulls":["NHS_Number","Gender_Code"],"MinRows":50}}},"variables":{"varSourceRows":{"type":"Integer","defaultValue":0},"varDuration":{"type":"String","defaultValue":"0"},"varRowsLoaded":{"type":"Integer","defaultValue":0},"varPipelineStart":{"type":"String"},"varCopyStart":{"type":"String"},"varCopyEnd":{"type":"String"},"varProcessedPatients":{"type":"String"},"varPipelineName":{"type":"String"},"varRunId":{"type":"String"}},"lastModifiedByObjectId":"73694478-c6a1-4f1a-8723-b5f2c07150c8","lastPublishTime":"2026-01-31T11:31:56Z"},"dependsOn":[]}]}